{"designerVersion":"1.1.0","id":"customActionButton","name":"ActionButton","lastUpdate":1442995705926,"template":"<div class=\"text-{{ properties.alignment }}\">\n    <button\n        type=\"button\"\n        ng-class=\"'btn btn-' + properties.buttonStyle\"\n        ng-click=\"properties.action\"\n        ng-disabled=\"properties.disabled\">{{ properties.label | uiTranslate }}</button>\n</div>","controller":"function CustomActionButton($scope) {\n}","description":"Button that triggers a JS action","custom":true,"properties":[{"label":"Disabled","name":"disabled","type":"boolean","defaultValue":false,"bond":"expression"},{"label":"Label","name":"label","type":"text","defaultValue":"Click me","bond":"interpolation"},{"label":"Alignment","name":"alignment","type":"choice","defaultValue":"left","choiceValues":["left","center","right"],"bond":"constant"},{"label":"Style","name":"buttonStyle","type":"choice","defaultValue":"default","choiceValues":["default","primary","success","info","warning","danger","link"],"bond":"constant"},{"label":"Action","name":"action","type":"text","bond":"expression"}],"assets":[]}