{"designerVersion":"1.2.9","favorite":false,"id":"6c5247c3-e0f4-4803-9b9b-f8dc382afa6c","name":"pageFlowForm","type":"page","lastUpdate":1455100940289,"rows":[[{"type":"component","dimension":{"xs":12},"propertyValues":{"cssClasses":{"type":"constant","value":""},"hidden":{"type":"constant","value":false},"text":{"type":"interpolation","value":"Page flow with Bonita BPM 7"},"level":{"type":"constant","value":"Level 2"},"alignment":{"type":"constant","value":"center"}},"reference":"758447c6-6c51-4d2e-a698-955336ee9406","id":"pbTitle"}],[{"type":"component","dimension":{"xs":12},"propertyValues":{"cssClasses":{"type":"constant","value":""},"hidden":{"type":"constant","value":false},"text":{"type":"interpolation","value":"Current page: {{page.current}} / 3"},"alignment":{"type":"constant","value":"left"}},"reference":"0063f088-f19a-4bfb-ab33-1ee4be30db91","id":"pbText"}],[{"type":"container","dimension":{"xs":12},"propertyValues":{"cssClasses":{"type":"constant","value":""},"hidden":{"type":"expression","value":"page.current != 1"},"repeatedCollection":{"type":"variable","value":""}},"reference":"ac493ae0-a8f9-4a56-a102-01ffc349cd46","rows":[[{"type":"component","dimension":{"xs":12},"propertyValues":{"cssClasses":{"type":"constant","value":""},"hidden":{"type":"constant","value":false},"text":{"type":"interpolation","value":"This is the first page"},"level":{"type":"constant","value":"Level 3"},"alignment":{"type":"constant","value":"left"}},"reference":"ecdf3ec3-c54b-4fa8-82e1-1ba162227085","id":"pbTitle"}],[{"type":"component","dimension":{"xs":12},"propertyValues":{"cssClasses":{"type":"constant","value":""},"hidden":{"type":"constant","value":false},"text":{"type":"interpolation","value":"Neque porro quisquam est qui dolorem ipsum quia dolor sit amet,<br/>consectetur,<br/>adipisci velit..."},"alignment":{"type":"constant","value":"left"}},"reference":"5984816a-1e3e-4f3e-8757-2ffb27ff88e5","id":"pbText"}],[{"type":"component","dimension":{"xs":12},"propertyValues":{"cssClasses":{"type":"constant","value":""},"hidden":{"type":"constant","value":false},"disabled":{"type":"constant","value":false},"label":{"type":"interpolation","value":"Next >"},"alignment":{"type":"constant","value":"right"},"buttonStyle":{"type":"constant","value":"info"},"pageAction":{"type":"constant","value":"Next"},"pageId":{"type":"variable","value":"page.current"}},"reference":"d52adce6-f949-4476-b476-63cacac84041","id":"customChangePageButton"}]]}],[{"type":"container","dimension":{"xs":12},"propertyValues":{"cssClasses":{"type":"constant","value":""},"hidden":{"type":"expression","value":"page.current != 2"},"repeatedCollection":{"type":"variable","value":""}},"reference":"59038535-0814-44cd-8e1f-d4cec9707105","rows":[[{"type":"component","dimension":{"xs":12},"propertyValues":{"cssClasses":{"type":"constant","value":""},"hidden":{"type":"constant","value":false},"text":{"type":"interpolation","value":"This is the second page"},"level":{"type":"constant","value":"Level 3"},"alignment":{"type":"constant","value":"left"}},"reference":"f771d415-e03d-4ee9-99c0-32e6bcfc556a","id":"pbTitle"}],[{"type":"component","dimension":{"xs":6},"propertyValues":{"cssClasses":{"type":"constant","value":""},"hidden":{"type":"constant","value":false},"text":{"type":"interpolation","value":"Neque porro quisquam est qui dolorem ipsum quia dolor sit amet,<br/>consectetur,<br/>adipisci velit..."},"alignment":{"type":"constant","value":"left"}},"reference":"87952397-1aae-4526-b674-5f7790600f1a","id":"pbText"},{"type":"component","dimension":{"xs":6},"propertyValues":{"cssClasses":{"type":"constant","value":""},"hidden":{"type":"constant","value":false},"text":{"type":"interpolation","value":"Neque porro quisquam est qui dolorem ipsum quia dolor sit amet,<br/>consectetur,<br/>adipisci velit..."},"alignment":{"type":"constant","value":"left"}},"reference":"f1617d5a-ee30-4783-a984-ef615fe18ade","id":"pbText"}],[{"type":"component","dimension":{"xs":6},"propertyValues":{"cssClasses":{"type":"constant","value":""},"hidden":{"type":"constant","value":false},"disabled":{"type":"constant","value":false},"label":{"type":"interpolation","value":"< Previous"},"alignment":{"type":"constant","value":"left"},"buttonStyle":{"type":"constant","value":"info"},"pageAction":{"type":"constant","value":"Previous"},"pageId":{"type":"variable","value":"page.current"}},"reference":"bf504567-28f4-44b0-9faf-7e09a455ea24","id":"customChangePageButton"},{"type":"component","dimension":{"xs":6},"propertyValues":{"cssClasses":{"type":"constant","value":""},"hidden":{"type":"constant","value":false},"disabled":{"type":"constant","value":false},"label":{"type":"interpolation","value":"Next >"},"alignment":{"type":"constant","value":"right"},"buttonStyle":{"type":"constant","value":"info"},"pageAction":{"type":"constant","value":"Next"},"pageId":{"type":"variable","value":"page.current"}},"reference":"535b53e0-cbdc-480e-a15d-7208fb07f295","id":"customChangePageButton"}]]}],[{"type":"container","dimension":{"xs":12},"propertyValues":{"cssClasses":{"type":"constant","value":""},"hidden":{"type":"expression","value":"page.current != 3"},"repeatedCollection":{"type":"variable","value":""}},"reference":"e9e1a78a-11da-4272-adee-2987faaea4d2","rows":[[{"type":"component","dimension":{"xs":12},"propertyValues":{"cssClasses":{"type":"constant","value":""},"hidden":{"type":"constant","value":false},"text":{"type":"interpolation","value":"This is the third and final page"},"level":{"type":"constant","value":"Level 3"},"alignment":{"type":"constant","value":"left"}},"reference":"97b02908-9449-49ab-9c1e-67b3757cf5da","id":"pbTitle"}],[{"type":"component","dimension":{"xs":12},"propertyValues":{"cssClasses":{"type":"constant","value":""},"hidden":{"type":"constant","value":false},"text":{"type":"interpolation","value":"Neque porro quisquam est qui dolorem ipsum quia dolor sit amet,<br/>consectetur,<br/>adipisci velit..."},"alignment":{"type":"constant","value":"left"}},"reference":"2fad6e28-b6bd-4acb-b2ef-85b9d22e0ec1","id":"pbText"}],[{"type":"component","dimension":{"xs":4},"propertyValues":{"cssClasses":{"type":"constant","value":""},"hidden":{"type":"constant","value":false},"disabled":{"type":"constant","value":false},"label":{"type":"interpolation","value":"< Previous"},"alignment":{"type":"constant","value":"left"},"buttonStyle":{"type":"constant","value":"info"},"pageAction":{"type":"constant","value":"Previous"},"pageId":{"type":"variable","value":"page.current"}},"reference":"03078e05-ad5c-4909-bcb5-53cf07cc24e9","id":"customChangePageButton"},{"type":"component","dimension":{"xs":4},"propertyValues":{"cssClasses":{"type":"constant","value":""},"hidden":{"type":"constant","value":false},"disabled":{"type":"constant","value":false},"label":{"type":"interpolation","value":"Submit"},"alignment":{"type":"constant","value":"center"},"buttonStyle":{"type":"constant","value":"primary"},"action":{"type":"constant","value":"Submit task"},"url":{"type":"interpolation"},"dataToSend":{"type":"constant"},"dataFromSuccess":{"type":"variable"},"dataFromError":{"type":"variable"},"targetUrlOnSuccess":{"type":"interpolation"},"collectionToModify":{"type":"variable"},"collectionPosition":{"type":"constant","value":"Last"},"valueToAdd":{"type":"constant"},"removeItem":{"type":"variable"}},"reference":"b1ce729b-7ee4-4c5b-9a25-fa0b3a4ca172","id":"pbButton"}]]}]],"assets":[],"inactiveAssets":[],"data":{"page":{"type":"json","value":"{\n    \"current\": 1\n}","exposed":false}}}